user_id,file1_age,file2_age
t2_11mieou4,unknown,36-50
t2_12tnzt,unknown,<18
t2_13lxfb,unknown,36-50
t2_16m4ee3o,unknown,18-25
t2_16pqkk,unknown,18-25
t2_171l4i,unknown,<18
t2_1748e1,unknown,36-50
t2_177csxen,unknown,26-35
t2_1diy9h50,unknown,36-50
t2_1eb7hyn9,unknown,<18
t2_1g1ab6pm,unknown,36-50
t2_1gf75spn,unknown,36-50
t2_1gyyzo02,unknown,<18
t2_1xc10u,unknown,26-35
t2_1xy9rrdx,unknown,36-50
t2_21ueqmrt,unknown,26-35
t2_228cvh2i,unknown,36-50
t2_29il3hcm,unknown,36-50
t2_2gyvr8i1,unknown,26-35
t2_2onnwukv,unknown,18-25
t2_2pm7cpgm,unknown,36-50
t2_2sk1hsb3,36-50,26-35
t2_2vqm9cag,unknown,36-50
t2_2yanjxh4,unknown,36-50
t2_31pcnlwf,unknown,36-50
t2_3cng2st0,<18,18-25
t2_3d1n1xiw,unknown,36-50
t2_3dd1i7d3,unknown,36-50
t2_3iv0nzc5,unknown,26-35
t2_3owpajdj,unknown,36-50
t2_3swe8k6p,unknown,36-50
t2_3xlndmiq,unknown,36-50
t2_474pjq4i,unknown,36-50
t2_491rsnea,unknown,36-50
t2_4a9u2l08,unknown,36-50
t2_4ae2z,unknown,36-50
t2_4b02z68o,unknown,36-50
t2_4h5mna3o,unknown,36-50
t2_4nebbpu,unknown,18-25
t2_4ni78nsq,unknown,18-25
t2_4r84sp5q,unknown,18-25
t2_4rl920p,unknown,<18
t2_4u26v,unknown,18-25
t2_4umphndw,unknown,<18
t2_548dbmeg,<18,36-50
t2_54gq2vl8,unknown,<18
t2_55ozu6ll,unknown,<18
t2_564l0usx,unknown,36-50
t2_56jauy2u,36-50,<18
t2_5abb9u2s,unknown,36-50
t2_5ac4qfkn,unknown,18-25
t2_5c2yc7hj,unknown,18-25
t2_5dek1s7z,unknown,36-50
t2_5f29hgf3,unknown,18-25
t2_5fal7,unknown,36-50
t2_5jlge,unknown,18-25
t2_5p8uc6bf,unknown,18-25
t2_5xslbqwh,unknown,36-50
t2_601cgodk,unknown,18-25
t2_646fc,unknown,18-25
t2_64f8r83w,unknown,<18
t2_6bafh7rf,unknown,36-50
t2_6d4uekd5,unknown,36-50
t2_6fisp4h9,unknown,18-25
t2_6g8bzl6a,unknown,18-25
t2_6g8t1883,unknown,36-50
t2_6n8xbmn1,unknown,18-25
t2_6wccvgtf,unknown,36-50
t2_6xz86kfq,26-35,36-50
t2_72qk7wpc,unknown,36-50
t2_735pi8ee,unknown,18-25
t2_77c86wj0,36-50,18-25
t2_78ovlhbn,unknown,36-50
t2_7assl,unknown,36-50
t2_7gn9mu1f,unknown,36-50
t2_7gnupyyk,unknown,18-25
t2_7qrpvfa8,unknown,18-25
t2_7s4fjngz,unknown,36-50
t2_7ue3taia,36-50,18-25
t2_8111ws98,unknown,26-35
t2_88th3bu0,unknown,36-50
t2_8f0wf3ry,unknown,18-25
t2_95whakgp,unknown,26-35
t2_99vsblj6,unknown,<18
t2_9cibbb8r,unknown,36-50
t2_9e6ct0ic,unknown,26-35
t2_9h2ynatm,unknown,36-50
t2_9jhoa10i,unknown,36-50
t2_9k8ha4hy,unknown,36-50
t2_9tonmk9r,50+,36-50
t2_a80ki,unknown,36-50
t2_av21gexy,unknown,36-50
t2_avp45ggd,36-50,18-25
t2_ax1sk1sr,unknown,<18
t2_b2l4pbkv,unknown,36-50
t2_b9qlp1c1,unknown,50+
t2_c2r6484w,unknown,26-35
t2_ccjnfsyn,unknown,36-50
t2_cg8b7kkt,unknown,18-25
t2_csv8dsxa,unknown,<18
t2_cuiat0kc,unknown,<18
t2_czruawqk,unknown,36-50
t2_d13oa749,unknown,36-50
t2_d56ems77,unknown,<18
t2_d8on9d30,unknown,18-25
t2_d91l1b35,unknown,18-25
t2_ditlktxo,<18,36-50
t2_dqbrg,unknown,26-35
t2_dqrzuu9p,unknown,26-35
t2_dtsq4sno,unknown,36-50
t2_e0ej81qi,unknown,18-25
t2_eb1tc85l,unknown,26-35
t2_edlyj05w,unknown,18-25
t2_eosb7vq7,unknown,36-50
t2_f21g9,unknown,18-25
t2_f2pek,unknown,36-50
t2_g6omh8k,unknown,18-25
t2_g9rm3pkp,unknown,18-25
t2_gle1eo2p,unknown,36-50
t2_gyzk06eh,unknown,36-50
t2_hi5pk74d,unknown,36-50
t2_htd94gsz,36-50,18-25
t2_i3r8fr6l,unknown,36-50
t2_i9jrogpk,unknown,50+
t2_igx717xx,unknown,36-50
t2_ikcglof3,<18,36-50
t2_im54yy5y,unknown,18-25
t2_iprbk,unknown,36-50
t2_j0l73,unknown,<18
t2_j2twxfc8,unknown,50+
t2_jfqwn26,unknown,<18
t2_jibwr,unknown,36-50
t2_jmtt66h,unknown,26-35
t2_jphno0ka,unknown,26-35
t2_jqfnow2x,unknown,<18
t2_kq3aw8bd,unknown,36-50
t2_li6rs4o7,unknown,<18
t2_lv3kpet0,unknown,36-50
t2_m5qaonxt,unknown,36-50
t2_mziy84cn,unknown,36-50
t2_nelcua5k,unknown,18-25
t2_nmp0hv0,36-50,26-35
t2_ohk8t6gl,unknown,<18
t2_oslqbcxh,unknown,36-50
t2_p1ku183y,36-50,18-25
t2_pr5xb1rl,unknown,18-25
t2_q2f7rf9,unknown,36-50
t2_q8suj03b,unknown,18-25
t2_qmr2x6u,unknown,18-25
t2_qy9e8,50+,<18
t2_s54lbf5i,unknown,18-25
t2_sdlzb,26-35,36-50
t2_u4g1q,unknown,36-50
t2_udkak,unknown,36-50
t2_yjr83,unknown,36-50
t2_zwztc,unknown,36-50
